Metro Area,Total,Year,No Commute,Yes Commute (more than 5 minutes),Short Commutes - Less than half-hour,Medium Commutes - Half-hour to one hour,Long Commutes - More than one hour,No Commute (%),Yes Commute (more than 5 minutes) (%),Short Commutes - Less than half-hour (%),Medium Commutes - Half-hour to one hour (%),Long Commutes - More than one hour (%)
Atlanta,2232939,2010,38502,2194437,1116005,814521,263911,1.72427,98.27573,50.8561,37.11754,12.02636
Atlanta,2715426,2018,32705,2682721,1261517,1032286,388918,1.20442,98.79558,47.02379,38.47907,14.49715
Atlanta,2588713,2023,44118,2544595,1225249,986755,332591,1.70424,98.29576,48.15104,38.77847,13.07049
Atlanta,2533900,2015,40298,2493602,1235801,922041,335760,1.59035,98.40965,49.55887,36.97627,13.46486
Atlanta,2264984,2011,38588,2226396,1109374,841960,275062,1.70368,98.29632,49.82824,37.81717,12.35459
Atlanta,2660218,2017,36748,2623470,1248534,988437,386499,1.38139,98.61861,47.59094,37.6767,14.73236
Atlanta,2486837,2022,40882,2445955,1211063,940079,294813,1.64394,98.35606,49.51289,38.43403,12.05308
Atlanta,2444559,2014,37628,2406931,1208018,887947,310966,1.53926,98.46074,50.18914,36.89125,12.91961
Atlanta,2369931,2013,41686,2328245,1208008,848754,271483,1.75895,98.24105,51.88492,36.45467,11.66041
Atlanta,2270521,2021,38560,2231961,1157947,853597,220417,1.69829,98.30171,51.88025,38.24426,9.87549
Atlanta,2297995,2012,39716,2258279,1156437,855032,246810,1.72829,98.27171,51.20877,37.86211,10.92912
Atlanta,2715402,2019,39919,2675483,1265919,1024857,384707,1.4701,98.5299,47.31553,38.30549,14.37897
Atlanta,2598113,2016,36089,2562024,1232665,952650,376709,1.38905,98.61095,48.11294,37.18349,14.70357
Austin,893212,2013,20515,872697,521548,285908,65241,2.29677,97.70323,59.76278,32.76143,7.47579
Austin,1023148,2023,24217,998931,566233,356646,76052,2.36691,97.63309,56.6839,35.70277,7.61334
Austin,785623,2010,18123,767500,482507,236002,48991,2.30683,97.69317,62.86736,30.74945,6.38319
Austin,1049865,2018,18777,1031088,588301,359601,83186,1.78852,98.21148,57.05633,34.87588,8.06779
Austin,964960,2022,24420,940540,560540,313229,66771,2.53067,97.46933,59.59768,33.3031,7.09922
Austin,955039,2015,18119,936920,561283,306493,69144,1.8972,98.1028,59.90725,32.71283,7.37993
Austin,986568,2016,23598,962970,561906,320975,80089,2.39193,97.60807,58.35135,33.33178,8.31687
Austin,1078106,2019,20190,1057916,602408,362172,93336,1.87273,98.12727,56.9429,34.23448,8.82263
Austin,856005,2021,19773,836232,498599,279472,58161,2.30992,97.69008,59.62448,33.42039,6.95513
Austin,1016302,2017,19743,996559,582131,337184,77244,1.94263,98.05737,58.4141,33.83483,7.75107
Austin,918383,2014,17985,900398,539957,289165,71276,1.95833,98.04167,59.9687,32.11524,7.91605
Austin,852934,2012,23141,829793,506426,268059,55308,2.71311,97.28689,61.0304,32.30432,6.66528
Austin,813089,2011,17256,795833,491266,247359,57208,2.12228,97.87772,61.72979,31.08177,7.18844
Baltimore,1338289,2016,17165,1321124,677716,479157,164251,1.28261,98.71739,51.29844,36.26889,12.43267
Baltimore,1310551,2013,20143,1290408,663918,463438,163052,1.53699,98.46301,51.45024,35.91407,12.63569
Baltimore,1211828,2023,22149,1189679,629284,434197,126198,1.82773,98.17227,52.89528,36.49699,10.60774
Baltimore,1336740,2018,19079,1317661,659677,479026,178958,1.42728,98.57272,50.06424,36.35427,13.58149
Baltimore,1336611,2017,18519,1318092,659458,483455,175179,1.38552,98.61448,50.03126,36.6784,13.29035
Baltimore,1314474,2015,20649,1293825,661011,474922,157892,1.57089,98.42911,51.08968,36.70682,12.20351
Baltimore,1097176,2021,21956,1075220,613132,369219,92869,2.00114,97.99886,57.02386,34.33893,8.63721
Baltimore,1316513,2014,18732,1297781,672707,469617,155457,1.42285,98.57715,51.83517,36.18615,11.97868
Baltimore,1286794,2012,21976,1264818,669282,446578,148958,1.70781,98.29219,52.91528,35.30769,11.77703
Baltimore,1335323,2019,21071,1314252,648986,487476,177790,1.57797,98.42203,49.38064,37.09152,13.52785
Baltimore,1258272,2010,22742,1235530,657149,427045,151336,1.8074,98.1926,53.18762,34.56371,12.24867
Baltimore,1262209,2011,19468,1242741,646917,444494,151330,1.54238,98.45762,52.05566,35.76723,12.17711
Baltimore,1186643,2022,17367,1169276,643221,409474,116581,1.46354,98.53646,55.01019,35.01945,9.97036
"Birmingham,",491303,2023,11735,479568,273260,169681,36627,2.38855,97.61145,56.98045,35.38205,7.6375
Boston,2194464,2011,53296,2141168,1118655,764073,258440,2.42866,97.57134,52.24508,35.68487,12.07005
Boston,2434948,2017,47269,2387679,1151849,890672,345158,1.94127,98.05873,48.24137,37.30284,14.4558
Boston,2446040,2018,46097,2399943,1128716,901477,369750,1.88456,98.11544,47.03095,37.56243,15.40662
Boston,1876883,2021,45764,1831119,1000046,644439,186634,2.4383,97.5617,54.61393,35.19373,10.19235
Boston,2261304,2012,55141,2206163,1131157,802339,272667,2.43846,97.56154,51.27259,36.36807,12.35933
Boston,2500383,2019,48784,2451599,1150682,911844,389073,1.95106,98.04894,46.93598,37.19385,15.87017
Boston,2084693,2022,44322,2040371,1034520,757472,248379,2.12607,97.87393,50.70254,37.12423,12.17323
Boston,2380373,2015,56116,2324257,1122614,849739,351904,2.35745,97.64255,48.29991,36.5596,15.14049
Boston,2312285,2014,49836,2262449,1131012,818469,312968,2.15527,97.84473,49.99061,36.17624,13.83315
Boston,2407900,2016,47588,2360312,1154375,872955,332982,1.97633,98.02367,48.90773,36.98473,14.10754
Boston,2297628,2013,51500,2246128,1145128,816885,284115,2.24144,97.75856,50.98231,36.36859,12.6491
Boston,2166531,2010,55117,2111414,1126456,747269,237689,2.54402,97.45598,53.35079,35.39187,11.25734
Boston,2195778,2023,43624,2152154,1071810,777949,302395,1.98672,98.01328,49.80173,36.14746,14.05081
Buffalo,526531,2015,13584,512947,366756,128504,17687,2.57991,97.42009,71.49978,25.0521,3.44811
Buffalo,514178,2012,16080,498098,375165,106593,16340,3.12732,96.87268,75.31952,21.40001,3.28048
Buffalo,516825,2014,16730,500095,369294,115266,15535,3.23707,96.76293,73.84477,23.04882,3.10641
Buffalo,464954,2021,16811,448143,342785,91423,13935,3.61563,96.38437,76.49009,20.40041,3.1095
Buffalo,503933,2011,17973,485960,363702,107056,15202,3.56655,96.43345,74.84196,22.0298,3.12824
Buffalo,520122,2018,15125,504997,366530,121502,16965,2.90797,97.09203,72.58063,24.05994,3.35943
Buffalo,532418,2017,16552,515866,376928,121080,17858,3.10884,96.89116,73.06704,23.47121,3.46175
Buffalo,512694,2013,15193,497501,373131,111644,12726,2.96337,97.03663,75.00106,22.44096,2.55798
Buffalo,515877,2016,15460,500417,367787,117457,15173,2.99684,97.00316,73.4961,23.47182,3.03207
Buffalo,531218,2019,15148,516070,373282,126499,16289,2.85156,97.14844,72.33166,24.51198,3.15635
Buffalo,490190,2022,16876,473314,346376,109220,17718,3.44275,96.55725,73.18102,23.07559,3.74339
Buffalo,501708,2010,19280,482428,358828,108936,14664,3.84287,96.15713,74.3796,22.58078,3.03962
Buffalo,499105,2023,14819,484286,360424,104859,19003,2.96911,97.03089,74.42379,21.65229,3.92392
Charlotte,1097942,2015,23078,1074864,627941,369328,77595,2.10193,97.89807,58.42051,34.36044,7.21905
Charlotte,1091947,2022,23872,1068075,640759,358658,68658,2.18619,97.81381,59.99195,33.57985,6.4282
Charlotte,1064335,2014,22609,1041726,624588,347585,69553,2.12424,97.87576,59.95703,33.36626,6.67671
Charlotte,995340,2021,22523,972817,602331,311606,58880,2.26284,97.73716,61.91617,32.03131,6.05253
Charlotte,804105,2012,18018,786087,489405,251404,45278,2.24075,97.75925,62.25838,31.9817,5.75992
Charlotte,757128,2010,15373,741755,458681,243122,39952,2.03044,97.96956,61.83726,32.77659,5.38615
Charlotte,1188458,2018,20306,1168152,671050,404161,92941,1.7086,98.2914,57.44544,34.59832,7.95624
Charlotte,1222404,2019,21676,1200728,703158,397429,100141,1.77323,98.22677,58.56097,33.099,8.34002
Charlotte,1118520,2016,14424,1104096,650360,384169,69567,1.28956,98.71044,58.9043,34.79489,6.30081
Charlotte,1030250,2013,22881,1007369,621762,319608,65999,2.22092,97.77908,61.72138,31.727,6.55162
Charlotte,1136681,2023,25631,1111050,644997,383732,82321,2.2549,97.7451,58.05292,34.53778,7.4093
Charlotte,781578,2011,15434,766144,476187,249227,40730,1.97472,98.02528,62.15372,32.53005,5.31623
Charlotte,1153392,2017,17489,1135903,671488,380307,84108,1.51631,98.48369,59.11491,33.48059,7.40451
Chicago,4459381,2019,67142,4392239,2047472,1701996,642771,1.50563,98.49437,46.61568,38.75008,14.63424
Chicago,4096292,2010,74881,4021411,1991742,1492870,536799,1.82802,98.17198,49.52844,37.12304,13.34852
Chicago,4143034,2011,74289,4068745,2001274,1510905,556566,1.79311,98.20689,49.18652,37.13442,13.67906
Chicago,3978255,2023,79175,3899080,1960313,1452623,486144,1.99019,98.00981,50.2763,37.25553,12.46817
Chicago,4279656,2013,79258,4200398,2074750,1567581,558067,1.85197,98.14803,49.39413,37.31982,13.28605
Chicago,3923570,2022,74808,3848762,1943790,1445045,459927,1.90663,98.09337,50.50429,37.54571,11.95
Chicago,4375761,2015,69059,4306702,2064627,1611060,631015,1.57822,98.42178,47.93986,37.40821,14.65193
Chicago,4407706,2016,70339,4337367,2062269,1654807,620291,1.59582,98.40418,47.54656,38.15234,14.3011
Chicago,3595239,2021,72877,3522362,1859324,1299644,363394,2.02704,97.97296,52.78628,36.89695,10.31677
Chicago,4333467,2014,73564,4259903,2046866,1604252,608785,1.69758,98.30242,48.04959,37.65936,14.29105
Chicago,4455102,2018,71920,4383182,2057845,1679528,645809,1.61433,98.38567,46.94866,38.31755,14.73379
Chicago,4415454,2017,68183,4347271,2062684,1662758,621829,1.54419,98.45581,47.44779,38.24832,14.30389
Chicago,4227545,2012,76833,4150712,2068032,1539525,543155,1.81744,98.18256,49.82355,37.09062,13.08583
Cincinnati,944592,2011,20459,924133,598525,284248,41360,2.16591,97.83409,64.76611,30.75834,4.47555
Cincinnati,938248,2010,22702,915546,597585,273365,44596,2.41962,97.58038,65.27089,29.85814,4.87097
Cincinnati,970037,2012,23638,946399,615161,285156,46082,2.43681,97.56319,65.00017,30.13063,4.86919
"Cincinnati,",1019187,2017,24989,994198,626731,316334,51133,2.45186,97.54814,63.03885,31.81801,5.14314
"Cincinnati,",986894,2015,22824,964070,611753,305199,47118,2.31271,97.68729,63.45525,31.65735,4.8874
"Cincinnati,",959979,2013,25128,934851,601981,287684,45186,2.61756,97.38244,64.39326,30.77325,4.8335
"Cincinnati,",993295,2016,21001,972294,626325,296608,49361,2.11428,97.88572,64.41724,30.506,5.07676
"Cincinnati,",1025276,2018,22315,1002961,634987,320806,47168,2.17649,97.82351,63.31124,31.98589,4.70287
"Cincinnati,",977775,2014,22619,955156,611479,296314,47363,2.31331,97.68669,64.01876,31.02258,4.95867
"Cincinnati,",987630,2023,26241,961389,626658,292506,42225,2.65697,97.34303,65.18256,30.42535,4.39208
"Cincinnati,",1047994,2019,22944,1025050,627110,335233,62707,2.18933,97.81067,61.17848,32.70406,6.11746
"Cincinnati,",961388,2022,22022,939366,590242,300770,48354,2.29065,97.70935,62.83408,32.0184,5.14751
"Cincinnati,",903252,2021,24717,878535,584019,253455,41061,2.73645,97.26355,66.47646,28.84973,4.6738
Cleveland,937946,2019,26412,911534,580087,287456,43991,2.81594,97.18406,63.63855,31.53541,4.82604
Cleveland,898872,2010,20376,878496,563732,272888,41876,2.26684,97.73316,64.17013,31.06309,4.76678
Cleveland,925908,2014,21309,904599,568969,293185,42445,2.30142,97.69858,62.89737,32.41049,4.69213
Cleveland,923769,2015,20182,903587,577549,280631,45407,2.18475,97.81525,63.91736,31.05744,5.02519
Cleveland,914727,2013,20184,894543,567894,282940,43709,2.20656,97.79344,63.48426,31.62956,4.88618
Cleveland,929189,2016,26512,902677,570592,286042,46043,2.85324,97.14676,63.21109,31.68819,5.10072
Cleveland,847264,2022,22313,824951,551253,236452,37246,2.63354,97.36646,66.82251,28.66255,4.51493
Cleveland,899546,2011,21930,877616,567013,270263,40340,2.4379,97.5621,64.60833,30.79513,4.59654
Cleveland,930350,2017,23596,906754,589433,276053,41268,2.53625,97.46375,65.00473,30.44409,4.55118
Cleveland,943935,2018,26825,917110,592415,281446,43249,2.84183,97.15817,64.59585,30.68836,4.71579
Cleveland,900429,2012,23242,877187,561917,272499,42771,2.58121,97.41879,64.05897,31.0651,4.87593
Cleveland,820960,2021,24560,796400,524154,239450,32796,2.99162,97.00838,65.81542,30.06655,4.11803
Dallas,3036252,2021,57989,2978263,1688699,1065892,223672,1.90989,98.09011,56.7008,35.78905,7.51015
Dallas,3449185,2017,59065,3390120,1810928,1254554,324638,1.71243,98.28757,53.41781,37.00618,9.576
Dallas,2918497,2011,58771,2859726,1641704,1001893,216129,2.01374,97.98626,57.40774,35.03458,7.55768
Dallas,3112015,2013,58981,3053034,1719253,1083485,250296,1.89527,98.10473,56.31293,35.4888,8.19827
Dallas,3555123,2019,52979,3502144,1894801,1277251,330092,1.49022,98.50978,54.10403,36.47054,9.42543
Dallas,2863105,2010,61451,2801654,1608942,986792,205920,2.14631,97.85369,57.42829,35.22177,7.34994
Dallas,3279183,2015,57746,3221437,1772468,1162881,286088,1.76099,98.23901,55.02104,36.09821,8.88076
Dallas,3487458,2023,71738,3415720,1858630,1236770,320320,2.05703,97.94297,54.414,36.20818,9.37782
Dallas,3199821,2014,60093,3139728,1761035,1122475,256218,1.87801,98.12199,56.08878,35.75071,8.16052
Dallas,3335688,2022,72885,3262803,1824725,1168399,269679,2.18501,97.81499,55.92507,35.80967,8.26526
Dallas,3002472,2012,58967,2943505,1662892,1051804,228809,1.96395,98.03605,56.4936,35.73305,7.77335
Dallas,3356103,2016,59746,3296357,1772711,1212333,311313,1.78022,98.21978,53.77788,36.77796,9.44415
Dallas,3540707,2018,59809,3480898,1890364,1279215,311319,1.68918,98.31082,54.30679,36.74957,8.94364
Denver,1365572,2015,24910,1340662,751487,482316,106859,1.82414,98.17586,56.05343,35.97596,7.97061
Denver,1429043,2017,21629,1407414,772949,522638,111827,1.51353,98.48647,54.9198,37.13463,7.94557
Denver,1341293,2014,24822,1316471,736482,477599,102390,1.8506,98.1494,55.94366,36.27873,7.77761
Denver,1277225,2022,18247,1258978,731669,445135,82174,1.42864,98.57136,58.11611,35.35685,6.52704
Denver,1249014,2012,25401,1223613,710061,429292,84260,2.03368,97.96632,58.02987,35.08397,6.88616
Denver,1391598,2016,25072,1366526,769084,497243,100199,1.80167,98.19833,56.28023,36.38738,7.33239
Denver,1163472,2021,24635,1138837,665156,399631,74050,2.11737,97.88263,58.4066,35.09115,6.50225
Denver,1466746,2018,23624,1443122,787604,547737,107781,1.61064,98.38936,54.5764,37.955,7.4686
Denver,1310265,2023,26276,1283989,730894,463477,89618,2.0054,97.9946,56.9237,36.09665,6.97965
Denver,1178595,2010,20258,1158337,678180,407438,72719,1.71883,98.28117,58.54773,35.17439,6.27788
Denver,1472724,2019,19106,1453618,772946,559958,120714,1.29732,98.70268,53.17394,38.52167,8.30438
Denver,1266595,2013,21884,1244711,717594,437127,89990,1.72778,98.27222,57.65145,35.11875,7.22979
Denver,1223180,2011,25214,1197966,702582,409995,85389,2.06135,97.93865,58.64791,34.22426,7.12783
Detroit,1713101,2022,40008,1673093,1020925,547591,104577,2.33541,97.66459,61.02022,32.72926,6.25052
Detroit,1783524,2023,38681,1744843,1049129,576598,119116,2.1688,97.8312,60.12742,33.04584,6.82675
Detroit,1856289,2015,33663,1822626,1069499,627183,125944,1.81346,98.18654,58.67902,34.41095,6.91003
Detroit,1799262,2013,36879,1762383,1053958,590901,117524,2.04967,97.95033,59.80301,33.52852,6.66847
Detroit,1892466,2016,30120,1862346,1080052,646059,136235,1.59157,98.40843,57.99416,34.6906,7.31524
Detroit,1708447,2011,34214,1674233,994601,566290,113342,2.00264,97.99736,59.40637,33.82385,6.76979
Detroit,1838763,2014,35716,1803047,1049018,617103,136926,1.94239,98.05761,58.18029,34.22556,7.59414
Detroit,1927519,2018,33062,1894457,1092944,653978,147535,1.71526,98.28474,57.69168,34.5206,7.78772
Detroit,1585164,2021,38977,1546187,946965,513781,85441,2.45886,97.54114,61.24518,33.2289,5.52592
Detroit,1763105,2012,38467,1724638,1022001,588114,114523,2.18178,97.81822,59.25887,34.10072,6.64041
Detroit,1902261,2017,35999,1866262,1097252,634235,134775,1.89243,98.10757,58.7941,33.98424,7.22165
Detroit,1952256,2019,35592,1916664,1098580,668278,149806,1.82312,98.17688,57.3173,34.86673,7.81598
Detroit,1683119,2010,35187,1647932,984825,553630,109477,2.09058,97.90942,59.76126,33.59544,6.6433
Hartford,479686,2021,13507,466179,321841,120980,23358,2.8158,97.1842,69.03807,25.9514,5.01052
Hartford,573791,2016,16629,557162,367178,158969,31015,2.89809,97.10191,65.90148,28.53192,5.5666
Hartford,502274,2023,14339,487935,327662,133266,27007,2.85482,97.14518,67.1528,27.31224,5.53496
Hartford,563298,2010,17217,546081,376412,145454,24215,3.05646,96.94354,68.9297,26.63598,4.43432
Hartford,575250,2018,12975,562275,366894,163871,31510,2.25554,97.74446,65.2517,29.14428,5.60402
Hartford,523424,2022,11822,511602,343778,138366,29458,2.25859,97.74141,67.19638,27.04563,5.75799
Hartford,582402,2019,12930,569472,379635,158788,31049,2.22012,97.77988,66.66438,27.88337,5.45224
Hartford,576612,2014,18301,558311,377624,151451,29236,3.17388,96.82612,67.63685,27.12664,5.23651
Hartford,570028,2017,13135,556893,376892,154339,25662,2.30427,97.69573,67.67763,27.7143,4.60807
Hartford,566893,2012,18473,548420,368927,153276,26217,3.25864,96.74136,67.27089,27.94865,4.78046
Hartford,563761,2013,15986,547775,367588,152888,27299,2.8356,97.1644,67.10565,27.91073,4.98362
Hartford,559561,2011,14665,544896,370215,148837,25844,2.6208,97.3792,67.94232,27.31475,4.74292
Hartford,573412,2015,14864,558548,368992,160675,28881,2.5922,97.4078,66.06272,28.76655,5.17073
Houston,3198759,2019,42584,3156175,1529826,1262305,364044,1.33127,98.66873,48.47089,39.99477,11.53434
Houston,2625741,2010,49059,2576682,1416872,930911,228899,1.86839,98.13161,54.98824,36.12828,8.88348
Houston,2738015,2012,52318,2685697,1420641,995082,269974,1.9108,98.0892,52.89655,37.05116,10.05229
Houston,3068089,2022,54752,3013337,1495234,1201383,316720,1.78456,98.21544,49.62054,39.86886,10.51061
Houston,2683111,2011,53724,2629387,1440910,954596,233881,2.0023,97.9977,54.80023,36.30489,8.89489
Houston,3017233,2016,48884,2968349,1489472,1140229,338648,1.62016,98.37984,50.17847,38.4129,11.40863
Houston,3177856,2023,52566,3125290,1575395,1194983,354912,1.65413,98.34587,50.40796,38.23591,11.35613
Houston,2786418,2021,54297,2732121,1417453,1065549,249119,1.94863,98.05137,51.88105,39.0008,9.11815
Houston,3013585,2015,47220,2966365,1464940,1143801,357624,1.5669,98.4331,49.38502,38.55901,12.05597
Houston,3132202,2018,38428,3093774,1553067,1193690,347017,1.22687,98.77313,50.19976,38.58362,11.21662
Houston,3048882,2017,42265,3006617,1517999,1150117,338501,1.38625,98.61375,50.48861,38.25286,11.25853
Houston,2955305,2014,52802,2902503,1493186,1084461,324856,1.78669,98.21331,51.44477,37.36296,11.19227
Houston,2834241,2013,49080,2785161,1458610,1022906,303645,1.73168,98.26832,52.37076,36.727,10.90224
Indianapolis,935820,2023,26686,909134,556584,301474,51076,2.85162,97.14838,61.22134,33.16057,5.61809
Indianapolis,923367,2015,20230,903137,578478,278392,46267,2.19089,97.80911,64.05208,30.825,5.12292
Indianapolis,883611,2013,24923,858688,542610,273330,42748,2.82059,97.17941,63.19059,31.83112,4.97829
Indianapolis,770934,2010,23926,747008,475201,237289,34518,3.10351,96.89649,63.61391,31.76526,4.62083
Indianapolis,901561,2014,23345,878216,557809,273211,47196,2.5894,97.4106,63.51615,31.10977,5.37408
Indianapolis,973250,2019,24216,949034,577617,318422,52995,2.48816,97.51184,60.86368,33.55222,5.5841
Indianapolis,938840,2016,21319,917521,586145,284239,47137,2.27078,97.72922,63.88355,30.97902,5.13743
Indianapolis,819366,2012,21923,797443,500179,256252,41012,2.67561,97.32439,62.72285,32.13421,5.14294
Indianapolis,923363,2022,23691,899672,558382,293293,47997,2.56573,97.43427,62.06506,32.59999,5.33494
Indianapolis,865462,2021,22677,842785,531146,270764,40875,2.62022,97.37978,63.02272,32.12729,4.84999
Indianapolis,955705,2018,20802,934903,568977,319141,46785,2.17661,97.82339,60.85947,34.13627,5.00426
Indianapolis,944646,2017,23982,920664,581325,292172,47167,2.53873,97.46127,63.14193,31.73492,5.12315
Indianapolis,796885,2011,21972,774913,477472,260793,36648,2.75724,97.24276,61.61621,33.65449,4.72931
"Kansas City,",950490,2012,25973,924517,636020,255879,32618,2.73259,97.26741,68.79484,27.67705,3.52811
"Kansas City,",1025099,2018,23634,1001465,672539,290806,38120,2.30553,97.69447,67.15552,29.03806,3.80642
"Kansas City,",938304,2011,25839,912465,625340,250955,36170,2.7538,97.2462,68.53304,27.50297,3.96399
"Kansas City,",956066,2014,24974,931092,645096,253235,32761,2.61216,97.38784,69.28381,27.19763,3.51856
"Kansas City,",935310,2010,28413,906897,633086,240681,33130,3.03782,96.96218,69.80793,26.53896,3.65312
"Kansas City,",886734,2021,25694,861040,593763,233105,34172,2.8976,97.1024,68.95882,27.07249,3.96869
"Kansas City,",1015469,2017,23432,992037,667018,289386,35633,2.30751,97.69249,67.23721,29.17089,3.5919
"Kansas City,",964004,2013,25837,938167,636651,267037,34479,2.68018,97.31982,67.86116,28.4637,3.67515
"Kansas City,",926275,2022,25929,900346,631964,236444,31938,2.79928,97.20072,70.19124,26.26146,3.5473
"Kansas City,",1028249,2019,25488,1002761,671139,290550,41072,2.47878,97.52122,66.92911,28.975,4.09589
"Kansas City,",982063,2015,23496,958567,648774,274346,35447,2.39251,97.60749,67.68165,28.62043,3.69792
"Kansas City,",968742,2023,25115,943627,648552,258582,36493,2.59254,97.40746,68.7297,27.40299,3.86731
"Kansas City,",1004997,2016,27691,977306,655485,285748,36073,2.75533,97.24467,67.0706,29.23833,3.69107
Las Vegas,983968,2017,13445,970523,622092,310288,38143,1.36641,98.63359,64.09864,31.97122,3.93015
Las Vegas,879441,2013,15810,863631,577607,249757,36267,1.79773,98.20227,66.88123,28.91941,4.19936
Las Vegas,962138,2022,15280,946858,604177,307558,35123,1.58813,98.41187,63.80862,32.48196,3.70943
Las Vegas,858148,2012,15016,843132,559183,244834,39115,1.74981,98.25019,66.32212,29.03863,4.63925
Las Vegas,1000216,2018,14646,985570,619816,317562,48192,1.46428,98.53572,62.88909,32.22115,4.88976
Las Vegas,837645,2011,12655,824990,539077,248559,37354,1.51078,98.48922,65.34346,30.12873,4.52781
Las Vegas,928420,2015,11412,917008,587841,286302,42865,1.22919,98.77081,64.10424,31.22132,4.67444
Las Vegas,835707,2010,16040,819667,551583,234167,33917,1.91933,98.08067,67.29355,28.56855,4.1379
Las Vegas,954631,2016,11647,942984,610417,289332,43235,1.22005,98.77995,64.73249,30.6826,4.58491
Las Vegas,907851,2014,15696,892155,594935,256851,40369,1.72892,98.27108,66.68516,28.78995,4.52489
Las Vegas,876598,2021,12263,864335,575055,252071,37209,1.39893,98.60107,66.5315,29.16358,4.30493
Las Vegas,996328,2023,14164,982164,599211,329688,53265,1.42162,98.57838,61.00926,33.56751,5.42323
Las Vegas,1024729,2019,15695,1009034,625449,330313,53272,1.53162,98.46838,61.98493,32.73557,5.2795
Los Angeles,5818616,2014,75169,5743447,3034279,2029042,680126,1.29187,98.70813,52.83028,35.32795,11.84177
Los Angeles,5899773,2015,72742,5827031,3019371,2071981,735679,1.23296,98.76704,51.81663,35.55809,12.62528
Los Angeles,5250177,2022,79040,5171137,2757331,1835102,578704,1.50547,98.49453,53.32156,35.4874,11.19104
Los Angeles,5388495,2023,75464,5313031,2736248,1927706,649077,1.40047,98.59953,51.5007,36.2826,12.2167
Los Angeles,6077813,2018,67321,6010492,2952518,2216032,841942,1.10765,98.89235,49.12273,36.86939,14.00787
Los Angeles,6066040,2017,73254,5992786,2997588,2168855,826343,1.20761,98.79239,50.01994,36.1911,13.78896
Los Angeles,6114413,2019,73272,6041141,2983884,2173826,883431,1.19835,98.80165,49.39272,35.9837,14.62358
Los Angeles,4773103,2021,73685,4699418,2553947,1663534,481937,1.54375,98.45625,54.34603,35.39872,10.25525
Los Angeles,5974755,2016,67278,5907477,3000700,2113383,793394,1.12604,98.87396,50.79495,35.77471,13.43034
Los Angeles,5428907,2011,80029,5348878,2911754,1838798,598326,1.47413,98.52587,54.43672,34.37727,11.18601
Los Angeles,5392512,2010,80026,5312486,2949092,1800246,563148,1.48402,98.51598,55.51247,33.88707,10.60046
Los Angeles,5663516,2013,80239,5583277,2997315,1925561,660401,1.41677,98.58323,53.6838,34.48801,11.8282
Los Angeles,5551323,2012,72107,5479216,2965655,1886271,627290,1.29892,98.70108,54.12554,34.42593,11.44854
"Louisville/Jefferson County,",553873,2022,12315,541558,374353,143886,23319,2.22343,97.77657,69.12519,26.5689,4.30591
"Louisville/Jefferson County,",592878,2016,10936,581942,382907,175857,23178,1.84456,98.15544,65.79814,30.21899,3.98287
"Louisville/Jefferson County,",594836,2017,11812,583024,392762,165542,24720,1.98576,98.01424,67.36635,28.39369,4.23996
"Louisville/Jefferson County,",569135,2011,12112,557023,375735,151503,29785,2.12814,97.87186,67.45413,27.1987,5.34718
"Louisville/Jefferson County,",586072,2015,11967,574105,375296,173267,25542,2.0419,97.9581,65.37062,30.18037,4.44901
"Louisville/Jefferson County,",587787,2019,12238,575549,383398,167444,24707,2.08205,97.91795,66.61431,29.09292,4.29277
"Louisville/Jefferson County,",519735,2021,10217,509518,370009,121652,17857,1.96581,98.03419,72.61942,23.8759,3.50468
"Louisville/Jefferson County,",579424,2012,15303,564121,377604,162404,24113,2.64107,97.35893,66.9367,28.78886,4.27444
"Louisville/Jefferson County,",598987,2018,12492,586495,395753,169205,21537,2.08552,97.91448,67.47764,28.8502,3.67215
"Louisville/Jefferson County,",561627,2010,13464,548163,369174,155871,23118,2.39732,97.60268,67.34749,28.43516,4.21736
"Louisville/Jefferson County,",574203,2013,13612,560591,383043,154286,23262,2.37059,97.62941,68.32842,27.52203,4.14955
"Louisville/Jefferson County,",579183,2023,14289,564894,378327,158480,28087,2.4671,97.5329,66.9731,28.05482,4.97208
"Louisville/Jefferson County,",575092,2014,12196,562896,375129,163536,24231,2.1207,97.8793,66.64268,29.05261,4.3047
"Memphis,",582649,2016,8449,574200,368131,182345,23724,1.4501,98.5499,64.11198,31.75636,4.13166
"Memphis,",582977,2013,12374,570603,366288,181666,22649,2.12255,97.87745,64.19314,31.83755,3.96931
"Memphis,",558744,2011,12498,546246,355045,168144,23057,2.2368,97.7632,64.99727,30.78174,4.22099
"Memphis,",588677,2015,13061,575616,370938,182417,22261,2.2187,97.7813,64.44192,31.69075,3.86734
"Memphis,",599790,2019,10990,588800,377358,186459,24983,1.83231,98.16769,64.08933,31.66763,4.24304
"Memphis,",549560,2010,13144,536416,344514,172337,19565,2.39173,97.60827,64.22515,32.12749,3.64736
"Memphis,",552748,2022,11014,541734,361156,159460,21118,1.99259,98.00741,66.66667,29.43511,3.89822
"Memphis,",600964,2018,8860,592104,378786,189459,23859,1.4743,98.5257,63.97288,31.99759,4.02953
"Memphis,",564797,2023,12660,552137,353143,175807,23187,2.24151,97.75849,63.95931,31.84119,4.1995
"Memphis,",562090,2012,11980,550110,357375,173967,18768,2.13133,97.86867,64.96428,31.62404,3.41168
"Memphis,",581099,2014,10489,570610,376618,170895,23097,1.80503,98.19497,66.0027,29.94953,4.04777
"Memphis,",528702,2021,10792,517910,343753,154232,19925,2.04123,97.95877,66.37312,29.77969,3.84719
"Memphis,",592847,2017,10857,581990,378065,181510,22415,1.83133,98.16867,64.96074,31.18782,3.85144
Miami,2643227,2023,33146,2610081,1369269,965283,275529,1.254,98.746,52.46079,36.98288,10.55634
Miami,2327054,2010,39508,2287546,1293162,815318,179066,1.69777,98.30223,56.53054,35.6416,7.82786
Miami,2395786,2011,36366,2359420,1321090,854570,183760,1.51792,98.48208,55.99215,36.21949,7.78835
Miami,2614254,2014,35578,2578676,1406216,938055,234405,1.36092,98.63908,54.53248,36.37739,9.09013
Miami,2703405,2016,28967,2674438,1378388,1006350,289700,1.0715,98.9285,51.53935,37.62847,10.83218
Miami,2578324,2022,42451,2535873,1328099,954172,253602,1.64646,98.35354,52.37246,37.62696,10.00058
Miami,2843985,2019,36822,2807163,1395766,1095844,315553,1.29473,98.70527,49.72159,39.03742,11.24099
Miami,2814512,2018,34811,2779701,1350974,1111957,316770,1.23684,98.76316,48.60141,40.00276,11.39583
Miami,2509362,2013,40746,2468616,1352541,914441,201634,1.62376,98.37624,54.78944,37.04266,8.1679
Miami,2456010,2012,33366,2422644,1308046,914820,199778,1.35854,98.64146,53.9925,37.76122,8.24628
Miami,2655983,2015,32456,2623527,1353696,1003474,266357,1.222,98.778,51.59833,38.24904,10.15263
Miami,2440654,2021,38007,2402647,1298358,896851,207438,1.55725,98.44275,54.03865,37.32762,8.63373
Miami,2740841,2017,33041,2707800,1367008,1050395,290397,1.20551,98.79449,50.48408,38.79145,10.72446
Milwaukee,745380,2017,17284,728096,497231,199671,31194,2.31882,97.68118,68.29196,27.42372,4.28433
Milwaukee,673370,2022,16896,656474,467862,163376,25236,2.50917,97.49083,71.26893,24.8869,3.84417
Milwaukee,750217,2019,21122,729095,495422,203524,30149,2.81545,97.18455,67.95027,27.91461,4.13513
Milwaukee,747936,2018,15137,732799,505250,197744,29805,2.02384,97.97616,68.94797,26.98475,4.06728
Milwaukee,739685,2014,18362,721323,496005,194559,30759,2.48241,97.51759,68.76323,26.97252,4.26425
Milwaukee,724795,2012,17812,706983,488392,186743,31848,2.45752,97.54248,69.08115,26.41407,4.50478
Milwaukee,679939,2023,15563,664376,465643,170539,28194,2.28888,97.71112,70.08727,25.66905,4.24368
Milwaukee,708788,2010,20142,688646,484295,180530,23821,2.84175,97.15825,70.32568,26.21521,3.45911
Milwaukee,633208,2021,19838,613370,436791,154994,21585,3.13294,96.86706,71.21167,25.26925,3.51908
Milwaukee,753357,2015,17221,736136,500368,207382,28386,2.2859,97.7141,67.97222,28.1717,3.85608
Milwaukee,707464,2011,18309,689155,475911,185063,28181,2.58798,97.41202,69.05718,26.85361,4.08921
Milwaukee,728602,2013,19395,709207,488311,187408,33488,2.66195,97.33805,68.8531,26.42501,4.72189
Milwaukee,748063,2016,17939,730124,509162,192443,28519,2.39806,97.60194,69.73637,26.35758,3.90605
Minneapolis,1585973,2010,35777,1550196,983213,485689,81294,2.25584,97.74416,63.42508,31.33081,5.24411
Minneapolis,1836758,2018,31649,1805109,1119976,583247,101886,1.72309,98.27691,62.04479,32.3109,5.64431
Minneapolis,1559291,2022,39245,1520046,1015398,432184,72464,2.51685,97.48315,66.80048,28.4323,4.76722
Minneapolis,1836359,2019,33447,1802912,1099558,592799,110555,1.82138,98.17862,60.98789,32.88009,6.13202
Minneapolis,1790878,2016,37547,1753331,1098559,555641,99131,2.09657,97.90343,62.65554,31.69059,5.65387
Minneapolis,1723294,2013,39524,1683770,1056528,532494,94748,2.29351,97.70649,62.74776,31.6251,5.62713
Minneapolis,1430832,2021,41864,1388968,948217,382346,58405,2.92585,97.07415,68.26774,27.52734,4.20492
Minneapolis,1657563,2012,37625,1619938,1034974,494562,90402,2.2699,97.7301,63.88973,30.52969,5.58058
Minneapolis,1826361,2017,33577,1792784,1110934,576920,104930,1.83846,98.16154,61.96697,32.18012,5.85291
Minneapolis,1618675,2011,36194,1582481,1001258,497120,84103,2.23603,97.76397,63.27141,31.41396,5.31463
Minneapolis,1618919,2023,41613,1577306,1059334,447618,70354,2.57042,97.42958,67.16097,28.37864,4.46039
Minneapolis,1757506,2014,39482,1718024,1063801,551277,102946,2.24648,97.75352,61.92003,32.08785,5.99212
Minneapolis,1779099,2015,35355,1743744,1079978,565265,98501,1.98724,98.01276,61.93444,32.41674,5.64882
Nashville,873327,2022,22948,850379,479267,302116,68996,2.62765,97.37235,56.35922,35.52722,8.11356
Nashville,933984,2019,15591,918393,515732,314864,87797,1.6693,98.3307,56.15592,34.28423,9.55985
Nashville,934026,2018,21880,912146,505576,325052,81518,2.34255,97.65745,55.42709,35.63596,8.93695
Nashville,749125,2012,15424,733701,438494,246835,48372,2.05894,97.94106,59.76467,33.64245,6.59288
Nashville,728071,2011,14555,713516,422899,246350,44267,1.99912,98.00088,59.26973,34.52621,6.20407
Nashville,831349,2014,18291,813058,470164,280826,62068,2.20016,97.79984,57.82662,34.53948,7.6339
Nashville,866057,2015,17502,848555,487757,289371,71427,2.02088,97.97912,57.48089,34.10162,8.41749
Nashville,918456,2017,16818,901638,516782,302901,81955,1.83112,98.16888,57.31591,33.59452,9.08957
Nashville,812165,2013,15751,796414,475294,263910,57210,1.93938,98.06062,59.67926,33.13729,7.18345
Nashville,876750,2016,16024,860726,483431,303475,73820,1.82766,98.17234,56.16549,35.25803,8.57648
Nashville,817727,2021,21743,795984,472117,269600,54267,2.65896,97.34104,59.31237,33.87003,6.8176
Nashville,928801,2023,16826,911975,504869,325718,81388,1.81158,98.18842,55.35996,35.71567,8.92437
Nashville,687132,2010,16830,670302,401051,229036,40215,2.44931,97.55069,59.83139,34.16908,5.99953
New Orleans,555879,2014,13534,542345,339137,161217,41991,2.4347,97.5653,62.5316,29.72591,7.74249
New Orleans,551401,2017,10067,541334,342758,153573,45003,1.82571,98.17429,63.31729,28.36936,8.31335
New Orleans,562014,2015,12342,549672,345228,160236,44208,2.19603,97.80397,62.80618,29.1512,8.04261
New Orleans,509226,2010,10521,498705,316430,139105,43170,2.06608,97.93392,63.45034,27.89324,8.65642
New Orleans,519728,2012,16135,503593,313519,149545,40529,3.10451,96.89549,62.25643,29.69561,8.04797
New Orleans,399035,2023,7969,391066,253550,114152,23364,1.99707,98.00293,64.8356,29.18996,5.97444
New Orleans,489781,2021,14467,475314,298682,143290,33342,2.95377,97.04623,62.83888,30.14639,7.01473
New Orleans,550219,2018,12149,538070,334024,159637,44409,2.20803,97.79197,62.07817,29.66844,8.25339
New Orleans,567802,2019,13537,554265,344510,163154,46601,2.38411,97.61589,62.15619,29.4361,8.40771
New Orleans,546032,2013,15696,530336,330161,153063,47112,2.87456,97.12544,62.25506,28.86151,8.88342
New Orleans,510504,2022,12796,497708,306783,148512,42413,2.50654,97.49346,61.63915,29.83918,8.52166
New Orleans,519336,2011,14154,505182,322374,142928,39880,2.7254,97.2746,63.81344,28.29238,7.89418
New Orleans,556147,2016,13301,542846,338327,158843,45676,2.39163,97.60837,62.32467,29.26115,8.41417
New York,8296382,2011,151029,8145353,3552997,2930978,1661378,1.82042,98.17958,43.61993,35.98344,20.39664
New York,9186623,2015,136305,9050318,3780918,3302783,1966617,1.48373,98.51627,41.77663,36.49356,21.72981
New York,8317168,2023,149145,8168023,3409091,3045597,1713335,1.79322,98.20678,41.73704,37.28683,20.97613
New York,9382250,2017,143258,9238992,3767449,3360567,2110976,1.5269,98.4731,40.77771,36.37374,22.84855
New York,8249679,2010,143014,8106665,3566986,2922800,1616879,1.73357,98.26643,44.00066,36.05428,19.94506
New York,8022549,2022,161871,7860678,3337481,2878172,1645025,2.0177,97.9823,42.45793,36.61481,20.92727
New York,9082578,2014,158267,8924311,3740145,3302694,1881472,1.74253,98.25747,41.90962,37.00783,21.08255
New York,7057098,2021,146018,6911080,3073828,2551736,1285516,2.06909,97.93091,44.47681,36.92239,18.6008
New York,8458242,2012,143520,8314722,3569484,3047719,1697519,1.69681,98.30319,42.92969,36.65449,20.41582
New York,9192943,2016,133681,9059262,3698374,3353458,2007430,1.45417,98.54583,40.82423,37.0169,22.15887
New York,9258386,2018,134606,9123780,3631830,3397627,2094323,1.45388,98.54612,39.8062,37.23925,22.95455
New York,9033594,2019,123125,8910469,3486800,3369146,2054523,1.36297,98.63703,39.1315,37.8111,23.05741
New York,8888158,2013,146827,8741331,3735438,3203609,1802284,1.65194,98.34806,42.73306,36.64898,20.61796
"Oklahoma City,",617069,2015,17288,599781,423374,154137,22270,2.80163,97.19837,70.5881,25.69888,3.71302
"Oklahoma City,",574523,2011,19512,555011,394126,140178,20707,3.39621,96.60379,71.01229,25.2568,3.73092
"Oklahoma City,",559144,2010,16849,542295,394281,129414,18600,3.01336,96.98664,72.706,23.86413,3.42987
"Oklahoma City,",603019,2013,17438,585581,419863,140323,25395,2.89178,97.10822,71.70024,23.96304,4.33672
"Oklahoma City,",619648,2016,16577,603071,424455,155423,23193,2.67523,97.32477,70.38226,25.77192,3.84582
"Oklahoma City,",638993,2023,17744,621249,416743,176935,27571,2.77687,97.22313,67.08148,28.48053,4.438
"Oklahoma City,",635209,2017,12231,622978,431712,167286,23980,1.92551,98.07449,69.29811,26.85263,3.84925
"Oklahoma City,",600256,2021,13417,586839,401449,160289,25101,2.23521,97.76479,68.40871,27.31397,4.27732
"Oklahoma City,",649424,2018,18222,631202,438813,166168,26221,2.80587,97.19413,69.52022,26.32565,4.15414
"Oklahoma City,",607125,2014,15772,591353,417290,150694,23369,2.59782,97.40218,70.5653,25.48292,3.95179
"Oklahoma City,",588529,2012,18131,570398,412034,138960,19404,3.08073,96.91927,72.23623,24.36194,3.40184
"Oklahoma City,",632824,2022,16661,616163,408859,178343,28961,2.6328,97.3672,66.35566,28.94413,4.70022
"Oklahoma City,",641700,2019,13149,628551,424936,174518,29097,2.04909,97.95091,67.60565,27.76513,4.62922
Orlando,966991,2012,11510,955481,556109,331967,67405,1.19029,98.80971,58.20199,34.74344,7.05456
Orlando,1167007,2023,13865,1153142,602754,449644,100744,1.18808,98.81192,52.27058,38.99294,8.73648
Orlando,1183801,2018,22253,1161548,611106,458308,92134,1.87979,98.12021,52.61134,39.45666,7.932
Orlando,950262,2011,13589,936673,551644,327138,57891,1.43003,98.56997,58.89398,34.92553,6.18049
Orlando,1119577,2022,18920,1100657,601613,404966,94078,1.68992,98.31008,54.65944,36.79312,8.54744
Orlando,1200416,2019,14664,1185752,586857,485301,113594,1.22158,98.77842,49.49239,40.9277,9.57991
Orlando,1008179,2014,11511,996668,551067,376468,69133,1.14176,98.85824,55.29093,37.77266,6.93641
Orlando,1071243,2015,12288,1058955,575293,409735,73927,1.14708,98.85292,54.32648,38.69239,6.98113
Orlando,1087825,2016,13936,1073889,572050,420157,81682,1.28109,98.71891,53.26901,39.12481,7.60619
Orlando,991095,2013,14218,976877,556789,357824,62264,1.43457,98.56543,56.99684,36.62938,6.37378
Orlando,1129969,2017,15793,1114176,577919,448350,87907,1.39765,98.60235,51.86963,40.2405,7.88987
Orlando,1031896,2021,14413,1017483,550114,382641,84728,1.39675,98.60325,54.06616,37.60662,8.32722
Orlando,921988,2010,13393,908595,537846,316951,53798,1.45262,98.54738,59.19535,34.88364,5.92101
Philadelphia,2604278,2023,55782,2548496,1364712,909449,274335,2.14194,97.85806,53.5497,35.68571,10.76458
Philadelphia,2621007,2010,58214,2562793,1418017,873414,271362,2.22105,97.77895,55.33092,34.08055,10.58853
Philadelphia,2750522,2016,54943,2695579,1422925,952924,319730,1.99755,98.00245,52.78736,35.35137,11.86127
Philadelphia,2544979,2022,57404,2487575,1372621,863805,251149,2.25558,97.74442,55.17908,34.72478,10.09614
Philadelphia,2836136,2019,60159,2775977,1419395,1007802,348780,2.12116,97.87884,51.13137,36.30441,12.56423
Philadelphia,2808466,2018,50923,2757543,1424460,999386,333697,1.8132,98.1868,51.65686,36.2419,12.10124
Philadelphia,2287095,2021,60682,2226413,1258746,778110,189557,2.65323,97.34677,56.53695,34.94904,8.51401
Philadelphia,2629000,2012,62516,2566484,1418495,883091,264898,2.37794,97.62206,55.26997,34.40859,10.32144
Philadelphia,2730097,2014,60951,2669146,1449917,922603,296626,2.23256,97.76744,54.32138,34.56548,11.11314
Philadelphia,2600131,2011,59740,2540391,1410112,858859,271420,2.29758,97.70242,55.50768,33.80814,10.68418
Philadelphia,2684735,2013,60042,2624693,1435474,908076,281143,2.23642,97.76358,54.69112,34.59742,10.71146
Philadelphia,2761221,2017,53545,2707676,1404793,976008,326875,1.93918,98.06082,51.88187,36.04597,12.07216
Philadelphia,2761490,2015,61510,2699980,1434496,951072,314412,2.22742,97.77258,53.12988,35.22515,11.64498
Phoenix,1787166,2021,49067,1738099,1068965,558950,110184,2.74552,97.25448,61.50196,32.1587,6.33934
Phoenix,1969362,2016,45085,1924277,1147664,626686,149927,2.28932,97.71068,59.64131,32.56735,7.79134
Phoenix,2100531,2018,39431,2061100,1230506,670958,159636,1.87719,98.12281,59.70142,32.55339,7.74518
Phoenix,1771920,2012,36884,1735036,1031914,597535,105587,2.08158,97.91842,59.47508,34.43934,6.08558
Phoenix,1712701,2011,33006,1679695,1001611,573063,105021,1.92713,98.07287,59.63053,34.11709,6.25239
Phoenix,1920473,2015,37718,1882755,1129972,622344,130439,1.964,98.036,60.01694,33.05496,6.92809
Phoenix,2035158,2017,37765,1997393,1173900,674763,148730,1.85563,98.14437,58.77161,33.78219,7.44621
Phoenix,1913284,2022,43643,1869641,1128245,629870,111526,2.28105,97.71895,60.34554,33.68936,5.9651
Phoenix,2156635,2019,41306,2115329,1203940,724549,186840,1.9153,98.0847,56.91502,34.25231,8.83267
Phoenix,1850458,2014,36341,1814117,1104765,604837,104515,1.96389,98.03611,60.89822,33.34057,5.76121
Phoenix,2004889,2023,45898,1958991,1158561,663549,136881,2.2893,97.7107,59.1407,33.87198,6.98732
Phoenix,1788231,2013,37586,1750645,1052023,587913,110709,2.10185,97.89815,60.09345,33.58265,6.3239
Phoenix,1671473,2010,34271,1637202,968424,568915,99863,2.05035,97.94965,59.15116,34.74922,6.09961
"Pittsburgh,",1078091,2014,28933,1049158,628088,336857,84213,2.68373,97.31627,59.86591,32.10737,8.02672
"Pittsburgh,",1075791,2019,28109,1047682,598451,356922,92309,2.61287,97.38713,57.12144,34.06778,8.81078
"Pittsburgh,",1085621,2018,29184,1056437,620340,349137,86960,2.68823,97.31177,58.72002,33.04854,8.23144
"Pittsburgh,",1082263,2017,29742,1052521,607015,354101,91405,2.74813,97.25187,57.67248,33.64313,8.68439
"Pittsburgh,",889849,2021,26024,863825,534459,269524,59842,2.92454,97.07546,61.87121,31.20123,6.92756
"Pittsburgh,",1077328,2016,31334,1045994,612981,346902,86111,2.90849,97.09151,58.60273,33.16482,8.23246
"Pittsburgh,",1076505,2013,30328,1046177,630049,336049,80079,2.81727,97.18273,60.22394,32.12162,7.65444
"Pittsburgh,",1074950,2012,33502,1041448,623964,330006,87478,3.11661,96.88339,59.91312,31.68723,8.39965
"Pittsburgh,",1046303,2011,32638,1013665,618288,315937,79440,3.11936,96.88064,60.9953,31.16779,7.83691
"Pittsburgh,",1041694,2010,35848,1005846,612505,314819,78522,3.44132,96.55868,60.89451,31.29893,7.80656
"Pittsburgh,",1018500,2023,29707,988793,604484,315104,69205,2.91674,97.08326,61.13352,31.86754,6.99894
"Pittsburgh,",956275,2022,29627,926648,557188,300632,68828,3.09817,96.90183,60.12941,32.44296,7.42763
"Pittsburgh,",1078307,2015,30810,1047497,622287,338419,86791,2.85726,97.14274,59.40704,32.3074,8.28556
Portland,238347,2022,7595,230752,142778,71857,16117,3.18653,96.81347,61.87509,31.14036,6.98455
Portland,1000248,2022,24698,975550,634707,280753,60090,2.46919,97.53081,65.06145,28.77895,6.1596
Portland,259930,2016,8055,251875,162263,71969,17643,3.09891,96.90109,64.42203,28.5733,7.00467
Portland,1127326,2016,24524,1102802,646190,360526,96086,2.17541,97.82459,58.59529,32.69182,8.7129
Portland,248682,2011,7655,241027,160563,64699,15765,3.07823,96.92177,66.61619,26.84305,6.54076
Portland,251263,2023,9214,242049,158585,69940,13524,3.66707,96.33293,65.51773,28.89498,5.5873
Portland,1034502,2023,27441,1007061,649589,288523,68949,2.65258,97.34742,64.50344,28.65,6.84656
Portland,984605,2011,31281,953324,602533,290048,60743,3.17701,96.82299,63.20338,30.42491,6.37171
Portland,268346,2017,8173,260173,167026,78697,14450,3.04569,96.95431,64.19805,30.24795,5.554
Portland,899350,2021,24987,874363,572480,250609,51274,2.77834,97.22166,65.47395,28.66189,5.86415
Portland,1168191,2019,25506,1142685,684953,367141,90591,2.18338,97.81662,59.94242,32.12968,7.92791
Portland,269477,2019,8190,261287,166929,77886,16472,3.03922,96.96078,63.88722,29.8086,6.30418
Portland,1007937,2012,27659,980278,618575,301377,60326,2.74412,97.25588,63.102,30.74403,6.15397
Portland,251890,2012,9219,242671,160226,65580,16865,3.65993,96.34007,66.02602,27.02424,6.94974
Portland,245593,2013,8644,236949,158966,62692,15291,3.51964,96.48036,67.0887,26.45801,6.45329
Portland,1022283,2013,25105,997178,624357,300645,72176,2.45578,97.54422,62.61239,30.14958,7.23803
Portland,1166653,2018,23595,1143058,673699,380130,89229,2.02245,97.97755,58.9383,33.25553,7.80617
Portland,259285,2015,8236,251049,166192,71003,13854,3.17643,96.82357,66.19903,28.28253,5.51844
Portland,255120,2014,7111,248009,164345,68578,15086,2.78732,97.21268,66.26574,27.65142,6.08284
Portland,1053746,2014,25626,1028120,633303,320703,74114,2.4319,97.5681,61.59816,31.19315,7.20869
Portland,271684,2018,8565,263119,170837,76867,15415,3.15256,96.84744,64.92766,29.21378,5.85857
Portland,247300,2010,9297,238003,154895,67255,15853,3.7594,96.2406,65.08111,28.25805,6.66084
Portland,220301,2021,9479,210822,133995,63539,13288,4.30275,95.69725,63.55836,30.1387,6.30295
Portland,1095878,2015,26255,1069623,635513,353404,80706,2.3958,97.6042,59.41467,33.04005,7.54528
Portland,949485,2010,27074,922411,579726,286806,55879,2.85144,97.14856,62.84899,31.09308,6.05793
Portland,1149657,2017,22974,1126683,646823,381583,98277,1.99834,98.00166,57.40949,33.86782,8.72268
Providence,748964,2014,19124,729840,480070,189787,59983,2.55339,97.44661,65.77743,26.00392,8.21865
Providence,733756,2011,25358,708398,470259,182774,55365,3.45592,96.54408,66.38345,25.80103,7.81552
Providence,768697,2017,19069,749628,467668,208808,73152,2.48069,97.51931,62.38668,27.85488,9.75844
Providence,787050,2019,19887,767163,470734,223878,72551,2.52678,97.47322,61.36036,29.18259,9.45705
Providence,770242,2018,19002,751240,477532,210130,63578,2.46702,97.53298,63.56584,27.97109,8.46307
Providence,754019,2015,19800,734219,468586,196830,68803,2.62593,97.37407,63.82101,26.80808,9.37091
Providence,734669,2012,21148,713521,462372,190884,60265,2.87858,97.12142,64.80146,26.7524,8.44614
Providence,705255,2010,25133,680122,456326,169859,53937,3.56368,96.43632,67.09473,24.97478,7.93049
Providence,757612,2016,19140,738472,472567,199665,66240,2.52636,97.47364,63.99254,27.03759,8.96987
Providence,751356,2023,20000,731356,444581,214529,72246,2.66185,97.33815,60.78859,29.33305,9.87836
Providence,684831,2021,14983,669848,426715,191239,51894,2.18784,97.81216,63.70326,28.54961,7.74713
Providence,739737,2022,17760,721977,446699,210883,64395,2.40085,97.59915,61.87164,29.2091,8.91926
Providence,735032,2013,19964,715068,472899,182571,59598,2.71607,97.28393,66.13343,25.53198,8.33459
Raleigh,504842,2021,11259,493583,291359,171398,30826,2.2302,97.7698,59.02938,34.72526,6.24535
Raleigh,640665,2019,11021,629644,364977,219128,45539,1.72024,98.27976,57.96561,34.80189,7.2325
Raleigh,522023,2011,14171,507852,332740,150366,24746,2.71463,97.28537,65.51909,29.60823,4.87268
Raleigh,601918,2023,9362,592556,350670,201948,39938,1.55536,98.44464,59.17922,34.08083,6.73995
Raleigh,575165,2022,13627,561538,334091,187702,39745,2.36923,97.63077,59.49571,33.42641,7.07788
Raleigh,512153,2010,11122,501031,318161,155309,27561,2.17162,97.82838,63.50126,30.99788,5.50086
Raleigh,541564,2012,11564,530000,346415,156800,26785,2.1353,97.8647,65.36132,29.58491,5.05377
"Raleigh,",619903,2017,11783,608120,363795,205538,38787,1.90078,98.09922,59.8229,33.79892,6.37818
"Raleigh,",575313,2014,9818,565495,361640,172337,31518,1.70655,98.29345,63.95105,30.47542,5.57352
"Raleigh,",578859,2015,10166,568693,355385,178306,35002,1.75621,98.24379,62.49154,31.35365,6.15481
"Raleigh,",558783,2013,10534,548249,344865,172448,30936,1.88517,98.11483,62.90299,31.45432,5.64269
"Raleigh,",613227,2016,11082,602145,360049,207418,34678,1.80716,98.19284,59.7944,34.44652,5.75908
"Raleigh,",641861,2018,10501,631360,380934,203333,47093,1.63602,98.36398,60.33547,32.20556,7.45898
Riverside,1581538,2012,35352,1546186,854538,433041,258607,2.23529,97.76471,55.26748,28.00704,16.72548
Riverside,1553153,2010,42666,1510487,843697,421621,245169,2.74706,97.25294,55.85596,27.91292,16.23112
Riverside,1881728,2023,31138,1850590,960818,556235,333537,1.65476,98.34524,51.91955,30.05717,18.02328
Riverside,1617168,2013,35670,1581498,863706,457884,259908,2.20571,97.79429,54.61316,28.95255,16.43429
Riverside,1883477,2019,30730,1852747,955222,550315,347210,1.63156,98.36844,51.55707,29.70265,18.74028
Riverside,1694146,2021,37601,1656545,877066,500475,279004,2.21947,97.78053,52.9455,30.21198,16.84252
Riverside,1858427,2022,38045,1820382,952419,551897,316066,2.04716,97.95284,52.31973,30.31765,17.36262
Riverside,1888778,2018,35319,1853459,990022,528840,334597,1.86994,98.13006,53.41483,28.5326,18.05257
Riverside,1752109,2016,29548,1722561,912793,498968,310800,1.68642,98.31358,52.99046,28.96664,18.0429
Riverside,1734404,2015,34207,1700197,938046,469640,292511,1.97226,98.02774,55.17278,27.62268,17.20454
Riverside,1669146,2014,32660,1636486,887398,478277,270811,1.95669,98.04331,54.22582,29.22585,16.54832
Riverside,1806328,2017,33174,1773154,951065,513626,308463,1.83654,98.16346,53.63691,28.9668,17.39629
Riverside,1542364,2011,34370,1507994,831837,424824,251333,2.2284,97.7716,55.16182,28.17146,16.66671
Sacramento,948379,2016,16222,932157,569038,287908,75211,1.7105,98.2895,61.0453,30.88621,8.06849
Sacramento,833130,2021,21446,811684,513613,238489,59582,2.57415,97.42585,63.27746,29.382,7.34054
Sacramento,874218,2013,21439,852779,541532,248778,62469,2.45236,97.54764,63.50203,29.17262,7.32534
Sacramento,927225,2023,23352,903873,552660,278253,72960,2.51848,97.48152,61.14355,30.78452,8.07193
Sacramento,931266,2015,19023,912243,554656,287126,70461,2.0427,97.9573,60.80134,31.47473,7.72393
Sacramento,866553,2012,25354,841199,540633,242341,58225,2.92585,97.07415,64.26933,28.809,6.92167
Sacramento,909923,2014,22497,887426,555228,267780,64418,2.47241,97.52759,62.56612,30.17491,7.25897
Sacramento,970683,2017,20754,949929,561807,305923,82199,2.13808,97.86192,59.142,32.20483,8.65317
Sacramento,847334,2011,21893,825441,513751,253410,58280,2.58375,97.41625,62.23958,30.69995,7.06047
Sacramento,911299,2022,22212,889087,555674,262535,70878,2.4374,97.5626,62.4994,29.52861,7.972
Sacramento,989295,2018,19766,969529,574620,310181,84728,1.99799,98.00201,59.26795,31.99296,8.73909
Sacramento,1021929,2019,16558,1005371,586665,328091,90615,1.62027,98.37973,58.35309,32.63382,9.01309
Sacramento,842426,2010,26153,816273,512310,236699,67264,3.10449,96.89551,62.76209,28.99753,8.24038
Salt Lake,503020,2021,13720,489300,361348,108508,19444,2.72753,97.27247,73.84999,22.17617,3.97384
Salt Lake,522279,2013,11150,511129,358058,133848,19223,2.13487,97.86513,70.05237,26.18674,3.76089
Salt Lake,582358,2018,12135,570223,399959,145254,25010,2.08377,97.91623,70.1408,25.47319,4.386
Salt Lake,602237,2019,12336,589901,406652,156062,27187,2.04836,97.95164,68.93563,26.45563,4.60874
Salt Lake,566004,2016,11079,554925,392970,140835,21120,1.95741,98.04259,70.81497,25.37911,3.80592
Salt Lake,552318,2022,14633,537685,375970,137645,24070,2.64938,97.35062,69.92384,25.59956,4.4766
Salt Lake,556332,2023,8913,547419,382602,141882,22935,1.6021,98.3979,69.89198,25.91836,4.18966
Salt Lake,519453,2011,11075,508378,358942,127710,21726,2.13205,97.86795,70.60534,25.12107,4.27359
Salt Lake,501620,2010,12140,489480,346296,123980,19204,2.42016,97.57984,70.74773,25.32892,3.92335
Salt Lake,533661,2012,11676,521985,361607,138788,21590,2.18791,97.81209,69.27536,26.5885,4.13613
Salt Lake,536796,2014,12315,524481,375574,128962,19945,2.29417,97.70583,71.6087,24.5885,3.80281
Salt Lake,577853,2017,10042,567811,397474,150006,20331,1.73781,98.26219,70.00111,26.4183,3.58059
Salt Lake,552899,2015,12401,540498,387287,134117,19094,2.24291,97.75709,71.65373,24.8136,3.53267
San Antonio,1101570,2018,17672,1083898,652886,357853,73159,1.60426,98.39574,60.235,33.01538,6.74962
San Antonio,971730,2012,23624,948106,607079,283880,57147,2.43113,97.56887,64.03071,29.9418,6.02749
San Antonio,1019865,2021,22830,997035,613468,318222,65345,2.23853,97.76147,61.52923,31.91683,6.55393
San Antonio,1019269,2014,20727,998542,630391,306891,61260,2.03352,97.96648,63.13115,30.73391,6.13494
San Antonio,1027594,2015,15386,1012208,617718,323189,71301,1.49728,98.50272,61.02679,31.92911,7.04411
San Antonio,922848,2011,23495,899353,570415,274160,54778,2.54592,97.45408,63.42504,30.48414,6.09082
San Antonio,1081096,2017,16100,1064996,655032,336610,73354,1.48923,98.51077,61.50558,31.60669,6.88773
San Antonio,990802,2013,25254,965548,622901,282593,60054,2.54884,97.45116,64.51269,29.26763,6.21968
San Antonio,1114952,2023,21128,1093824,641699,365028,87097,1.89497,98.10503,58.66565,33.37173,7.96262
San Antonio,1090691,2022,22119,1068572,642128,348207,78237,2.02798,97.97202,60.09216,32.5862,7.32164
San Antonio,1158502,2019,22671,1135831,671800,372384,91647,1.95692,98.04308,59.14612,32.78516,8.06872
San Antonio,933859,2010,24053,909806,576388,283269,50149,2.57566,97.42434,63.35285,31.1351,5.51205
San Antonio,1058898,2016,18331,1040567,626670,342654,71243,1.73114,98.26886,60.2239,32.92955,6.84656
San Diego,1490686,2016,22833,1467853,911008,450503,106342,1.53171,98.46829,62.06398,30.69129,7.24473
San Diego,1430884,2014,27989,1402895,905122,406376,91397,1.95606,98.04394,64.51816,28.96696,6.51489
San Diego,1327049,2011,25225,1301824,879316,348143,74365,1.90083,98.09917,67.54492,26.74271,5.71237
San Diego,1350683,2022,24321,1326362,832296,413607,80459,1.80064,98.19936,62.75029,31.18357,6.06614
San Diego,1361160,2012,24230,1336930,880861,379545,76524,1.7801,98.2199,65.88685,28.38929,5.72386
San Diego,1540361,2018,19489,1520872,921701,485615,113556,1.26522,98.73478,60.60346,31.93004,7.46651
San Diego,1535345,2017,19388,1515957,924349,482241,109367,1.26278,98.73722,60.97462,31.81099,7.21439
San Diego,1546445,2019,17049,1529396,903354,502614,123428,1.10246,98.89754,59.06606,32.86356,8.07038
San Diego,1476292,2015,21318,1454974,908433,440982,105559,1.44402,98.55598,62.43637,30.30858,7.25504
San Diego,1239125,2021,21675,1217450,801450,351231,64769,1.74922,98.25078,65.83022,28.84973,5.32005
San Diego,1383027,2013,22591,1360436,894498,386819,79119,1.63345,98.36655,65.75083,28.43346,5.81571
San Diego,1407306,2023,32414,1374892,856332,429871,88689,2.30327,97.69673,62.28358,31.2658,6.45062
San Diego,1307266,2010,28411,1278855,855263,350068,73524,2.17331,97.82669,66.87725,27.37355,5.74921
San Francisco,1718516,2022,24302,1694214,874834,598758,220622,1.41413,98.58587,51.63657,35.34134,13.02209
San Francisco,1923369,2010,30917,1892452,1015847,668587,208018,1.60744,98.39256,53.67888,35.32914,10.99198
San Francisco,2254095,2018,26477,2227618,996955,811838,418825,1.17462,98.82538,44.75431,36.44422,18.80147
San Francisco,2161255,2015,22503,2138752,1002797,769044,366911,1.0412,98.9588,46.88702,35.95761,17.15538
San Francisco,2264018,2019,33849,2230169,983054,806871,440244,1.49509,98.50491,44.0798,36.17981,19.74039
San Francisco,1920727,2011,31543,1889184,994444,677742,216998,1.64224,98.35776,52.63881,35.87485,11.48633
San Francisco,1991876,2012,30251,1961625,999906,695926,265793,1.51872,98.48128,50.97335,35.47702,13.54963
San Francisco,2180631,2016,26611,2154020,978147,801467,374406,1.22033,98.77967,45.4103,37.20796,17.38173
San Francisco,1493862,2021,30357,1463505,798842,500591,164072,2.03212,97.96788,54.58417,34.20494,11.21089
San Francisco,1864429,2023,25181,1839248,924544,636185,278519,1.3506,98.6494,50.2675,34.58941,15.14309
San Francisco,2048701,2013,27780,2020921,1007110,731291,282520,1.35598,98.64402,49.83421,36.18603,13.97976
San Francisco,2210949,2017,27058,2183891,977477,809741,396673,1.22382,98.77618,44.75851,37.0779,18.16359
San Francisco,2100937,2014,28271,2072666,1009309,742268,321089,1.34564,98.65436,48.69617,35.81223,15.49159
San Jose,971113,2018,10913,960200,502701,349025,108474,1.12376,98.87624,52.35378,36.3492,11.29702
San Jose,975099,2019,12669,962430,511884,336914,113632,1.29925,98.70075,53.18662,35.0066,11.80678
San Jose,916759,2015,10692,906067,510713,309172,86182,1.16628,98.83372,56.36592,34.12242,9.51166
San Jose,756228,2022,9713,746515,472564,217284,56667,1.2844,98.7156,63.30268,29.10645,7.59087
San Jose,850851,2023,6576,844275,508900,264247,71128,0.77287,99.22713,60.27657,31.29869,8.42474
San Jose,845216,2012,11328,833888,523260,250830,59798,1.34025,98.65975,62.74943,30.07958,7.17099
San Jose,878853,2013,11481,867372,531439,265865,70068,1.30636,98.69364,61.27002,30.65178,8.07819
San Jose,913000,2016,8695,904305,492795,315524,95986,0.95235,99.04765,54.49434,34.89133,10.61434
San Jose,948331,2017,11480,936851,494957,329719,112175,1.21055,98.78945,52.83199,35.19439,11.97362
San Jose,627956,2021,12877,615079,409671,170065,35343,2.05062,97.94938,66.60462,27.64929,5.74609
San Jose,819208,2011,14511,804697,517875,233179,53643,1.77135,98.22865,64.35652,28.97724,6.66624
San Jose,792972,2010,11738,781234,511581,221739,47914,1.48025,98.51975,65.48371,28.38317,6.13312
San Jose,908870,2014,9523,899347,544382,280067,74898,1.04778,98.95222,60.53081,31.14115,8.32804
San Juan,740356,2011,13840,726516,347418,260832,118266,1.86937,98.13063,47.81973,35.90176,16.27851
San Juan,666773,2015,12302,654471,314626,237626,102219,1.84501,98.15499,48.07333,36.3081,15.61857
San Juan,682974,2014,11889,671085,321719,244955,104411,1.74077,98.25923,47.94013,36.50134,15.55854
San Juan,685131,2013,11824,673307,319654,235356,118297,1.7258,98.2742,47.47522,34.95523,17.56955
San Juan,658834,2018,9892,648942,306052,235587,107303,1.50144,98.49856,47.16169,36.30324,16.53507
San Juan,734433,2012,14466,719967,341085,256755,122127,1.96968,98.03032,47.37509,35.66205,16.96286
San Juan,749305,2010,14365,734940,369787,254059,111094,1.91711,98.08289,50.31526,34.56867,15.11606
San Juan,656397,2021,15633,640764,352685,217835,70244,2.38164,97.61836,55.04133,33.99614,10.96254
San Juan,682638,2016,12278,670360,331897,242010,96453,1.79861,98.20139,49.51026,36.1015,14.38824
San Juan,684515,2019,12143,672372,322309,246181,103882,1.77396,98.22604,47.93611,36.61381,15.45008
San Juan,713996,2022,16467,697529,353192,255372,88965,2.30632,97.69368,50.63474,36.61095,12.75431
San Juan,740590,2023,13433,727157,359209,273037,94911,1.81382,98.18618,49.3991,37.54856,13.05234
San Juan,651065,2017,9812,641253,323490,227944,89819,1.50707,98.49293,50.44655,35.54666,14.0068
Seattle,1736873,2014,32335,1704538,887247,626647,190644,1.86168,98.13832,52.05205,36.76345,11.1845
Seattle,1709231,2023,32620,1676611,916747,577754,182110,1.90846,98.09154,54.67857,34.45963,10.86179
Seattle,1773998,2015,29427,1744571,902581,633057,208933,1.6588,98.3412,51.73656,36.28726,11.97618
Seattle,1683444,2013,35074,1648370,901346,584986,162038,2.08347,97.91653,54.68105,35.48876,9.8302
Seattle,1963614,2019,28034,1935580,936439,754121,245020,1.42767,98.57233,48.38028,38.96098,12.65874
Seattle,1608829,2011,32583,1576246,887872,551381,136993,2.02526,97.97474,56.32826,34.98064,8.69109
Seattle,1921071,2018,27171,1893900,927021,713813,253066,1.41437,98.58563,48.94773,37.69011,13.36216
Seattle,1586303,2022,33886,1552417,850550,549148,152719,2.13616,97.86384,54.78876,35.37374,9.8375
Seattle,1664598,2012,33043,1631555,895233,582534,153788,1.98504,98.01496,54.86992,35.70422,9.42585
Seattle,1571812,2010,37721,1534091,881375,526886,125830,2.39984,97.60016,57.45259,34.34516,8.20225
Seattle,1824275,2016,29746,1794529,912343,659549,222637,1.63057,98.36943,50.84025,36.75332,12.40643
Seattle,1416094,2021,33233,1382861,761019,486082,135760,2.34681,97.65319,55.03221,35.15046,9.81733
Seattle,1872114,2017,30031,1842083,912067,699796,230220,1.60412,98.39588,49.51281,37.98938,12.49781
"St. Louis,",1275535,2013,30876,1244659,770758,406691,67210,2.42063,97.57937,61.92523,32.67489,5.39987
"St. Louis,",1228194,2023,34639,1193555,761317,368018,64220,2.82032,97.17968,63.78567,30.83377,5.38056
"St. Louis,",1165009,2022,32185,1132824,716487,357216,59121,2.76264,97.23736,63.24787,31.53323,5.2189
"St. Louis,",1263271,2012,31420,1231851,765114,392035,74702,2.48719,97.51281,62.11092,31.82487,6.06421
"St. Louis,",1307667,2017,27800,1279867,776867,429083,73917,2.12592,97.87408,60.69904,33.52559,5.77537
"St. Louis,",1274322,2014,30245,1244077,770455,402028,71594,2.37342,97.62658,61.92985,32.31536,5.75479
"St. Louis,",1325342,2018,30345,1294997,779954,435660,79383,2.2896,97.7104,60.22825,33.64178,6.12998
"St. Louis,",1310504,2015,27476,1283028,791187,415947,75894,2.0966,97.9034,61.66561,32.41917,5.91523
"St. Louis,",1260056,2011,36561,1223495,773406,381861,68228,2.90154,97.09846,63.21285,31.21067,5.57648
"St. Louis,",1323479,2019,26350,1297129,789801,432657,74671,1.99096,98.00904,60.88839,33.35497,5.75664
"St. Louis,",1109252,2021,26611,1082641,704395,326857,51389,2.399,97.601,65.06266,30.19071,4.74663
"St. Louis,",1256594,2010,35223,1221371,768326,384295,68750,2.80305,97.19695,62.90685,31.46423,5.62892
"St. Louis,",1304258,2016,28316,1275942,780980,412904,82058,2.17104,97.82896,61.20811,32.36072,6.43117
Tampa,1246197,2015,25024,1221173,725692,390340,105141,2.00803,97.99197,59.42581,31.96435,8.60984
Tampa,1216314,2014,24279,1192035,701870,396268,93897,1.99611,98.00389,58.87998,33.24298,7.87703
Tampa,1200123,2013,27952,1172171,709244,377214,85713,2.32909,97.67091,60.50687,32.1808,7.31233
Tampa,1295172,2023,29239,1265933,684519,448262,133152,2.25754,97.74246,54.07229,35.40961,10.51809
Tampa,1191597,2021,28556,1163041,676397,399657,86987,2.39645,97.60355,58.15762,34.3631,7.47927
Tampa,1299297,2017,26481,1272816,719370,438397,115049,2.0381,97.9619,56.51799,34.44308,9.03893
Tampa,1127587,2011,26867,1100720,667963,362722,70035,2.3827,97.6173,60.68419,32.95316,6.36265
Tampa,1131800,2010,25248,1106552,686817,346204,73531,2.23078,97.76922,62.06821,31.28674,6.64506
Tampa,1241779,2022,26520,1215259,685204,414204,115851,2.13565,97.86435,56.38337,34.0836,9.53303
Tampa,1360550,2019,24555,1335995,748570,459058,128367,1.80478,98.19522,56.0309,34.36076,9.60834
Tampa,1334616,2018,26034,1308582,735526,456128,116928,1.95067,98.04933,56.20786,34.85666,8.93547
Tampa,1266517,2016,23810,1242707,726918,408880,106909,1.87996,98.12004,58.49472,32.90237,8.60291
Tampa,1151281,2012,21288,1129993,695473,359009,75511,1.84907,98.15093,61.54666,31.7709,6.68243
Virginia Beach,837120,2016,27703,809417,530564,233570,45283,3.30932,96.69068,65.54891,28.85657,5.59452
Virginia Beach,781351,2011,17887,763464,512204,213611,37649,2.28924,97.71076,67.08948,27.97918,4.93134
Virginia Beach,788350,2010,15488,772862,515739,219512,37611,1.96461,98.03539,66.73106,28.40248,4.86646
Virginia Beach,851279,2019,21061,830218,539337,244050,46831,2.47404,97.52596,64.9633,29.39589,5.64081
Virginia Beach,824099,2018,20785,803314,510493,243846,48975,2.52215,97.47785,63.54838,30.355,6.09662
Virginia Beach,786878,2021,18646,768232,506869,221606,39757,2.36962,97.63038,65.97864,28.84623,5.17513
Virginia Beach,814436,2015,18744,795692,515089,235263,45340,2.30147,97.69853,64.73472,29.56709,5.69818
Virginia Beach,801614,2022,18644,782970,505387,232482,45101,2.32581,97.67419,64.54743,29.69233,5.76025
Virginia Beach,830413,2017,25639,804774,528657,229838,46279,3.0875,96.9125,65.69012,28.55932,5.75056
Virginia Beach,805713,2013,16957,788756,530985,214478,43293,2.1046,97.8954,67.3193,27.19193,5.48877
Virginia Beach,793336,2023,15602,777734,499192,233432,45110,1.96663,98.03337,64.18544,30.01438,5.80018
Virginia Beach,784651,2012,15801,768850,505044,226059,37747,2.01376,97.98624,65.68824,29.40222,4.90954
Virginia Beach,813987,2014,18212,795775,526311,227702,41762,2.23738,97.76262,66.13817,28.61387,5.24797
Washington,3144623,2018,36290,3108333,1298938,1259804,549591,1.15403,98.84597,41.78889,40.52989,17.68121
Washington,2788202,2010,45593,2742609,1183513,1090344,468752,1.63521,98.36479,43.15282,39.75572,17.09146
Washington,2831822,2011,39499,2792323,1185049,1119084,488190,1.39483,98.60517,42.43954,40.07717,17.48329
Washington,2217836,2021,40707,2177129,1057591,855363,264175,1.83544,98.16456,48.57732,39.28858,12.1341
Washington,3160911,2019,34966,3125945,1278269,1269761,577915,1.1062,98.8938,40.89224,40.62007,18.48769
Washington,2915564,2012,34777,2880787,1240086,1155609,485092,1.19281,98.80719,43.04678,40.11435,16.83887
Washington,2993036,2014,39064,2953972,1252935,1183978,517059,1.30516,98.69484,42.41526,40.08088,17.50386
Washington,3123186,2017,35985,3087201,1288175,1252830,546196,1.15219,98.84781,41.72631,40.58142,17.69227
Washington,3065253,2016,35660,3029593,1282296,1200274,547023,1.16336,98.83664,42.32569,39.61832,18.05599
Washington,2962993,2013,39331,2923662,1263569,1169835,490258,1.32741,98.67259,43.21871,40.01266,16.76863
Washington,3059053,2015,39620,3019433,1287832,1202970,528631,1.29517,98.70483,42.65145,39.84092,17.50762
Washington,2545435,2022,43903,2501532,1156285,986771,358476,1.72477,98.27523,46.22307,39.44667,14.33026
Washington,2652851,2023,38661,2614190,1196349,1045634,372207,1.45734,98.54266,45.76366,39.99839,14.23795
